[
  {
    "userId": 6511470350,
    "username": "pejabatnegeriRI",
    "joinedAt": "2026-01-04T15:29:00.323Z",
    "lastSeen": "2026-01-07T18:01:10.460Z"
  },
  {
    "userId": 6501087981,
    "username": "csfastcell",
    "joinedAt": "2026-01-04T15:39:58.441Z",
    "lastSeen": "2026-01-05T16:28:32.516Z"
  },
  {
    "userId": 8005821151,
    "username": "nuroela",
    "joinedAt": "2026-01-04T17:45:10.350Z",
    "lastSeen": "2026-01-05T15:10:22.363Z"
  },
  {
    "userId": 7174723483,
    "username": "LanggananDeakNihBang",
    "joinedAt": "2026-01-05T06:02:34.625Z",
    "lastSeen": "2026-01-07T17:40:47.196Z"
  },
  {
    "userId": 949495183,
    "username": "KalengSardenBos",
    "joinedAt": "2026-01-07T17:18:45.189Z",
    "lastSeen": "2026-01-07T17:31:17.124Z"
  }
]